beds,baths,size,lot_size,lot_size_units,zip_code,price,ActualPrice,PredictedPrice
3.0,3.0,2850.0,4200.0,0.0,98119.0,1175000.0,1175000.0,1459767.2837827182
4.0,5.0,3040.0,5002.0,0.0,98106.0,1057500.0,1057500.0,1778085.1904761905
3.0,1.0,1290.0,6048.0,0.0,98125.0,799000.0,799000.0,729097.5139243923
3.0,2.0,2360.0,0.28,1.0,98188.0,565000.0,565000.0,990143.9093717327
3.0,3.5,1942.0,1603.0,0.0,98107.0,1187000.0,1187000.0,1088614.4424240757
2.0,2.0,963.0,4753.0,0.0,98122.0,701000.0,701000.0,669678.448186638
1.0,1.0,756.0,NaN,NaN,98105.0,480000.0,480000.0,903781.8062503289
4.0,6.0,3300.0,5810.0,0.0,98199.0,1795000.0,1795000.0,1768665.9180952378
4.0,2.0,2060.0,4206.0,0.0,98144.0,1025000.0,1025000.0,784232.1416269839
1.0,1.0,672.0,NaN,NaN,98122.0,450000.0,450000.0,443902.2000376491
3.0,2.5,1760.0,3630.0,0.0,98122.0,1135000.0,1135000.0,948579.4364646305
1.0,1.5,924.0,NaN,NaN,98121.0,568000.0,568000.0,752092.6170083907
3.0,2.0,2500.0,5000.0,0.0,98136.0,648000.0,648000.0,1090122.0687972421
2.0,2.0,1800.0,0.72,1.0,98199.0,699950.0,699950.0,3443812.0903471303
1.0,1.0,574.0,NaN,NaN,98104.0,429950.0,429950.0,376206.8234685722
2.0,2.0,2241.0,1.09,1.0,98112.0,2450000.0,2450000.0,1191002.1000332432
3.0,1.5,2320.0,4000.0,0.0,98109.0,1275000.0,1275000.0,1145761.4941176472
2.0,2.0,1415.0,NaN,NaN,98125.0,449000.0,449000.0,498151.3780475918
3.0,1.5,1750.0,2460.0,0.0,98102.0,925000.0,925000.0,1427189.131860217
3.0,3.0,2340.0,6640.0,0.0,98126.0,974898.0,974898.0,1327657.0365300167
4.0,2.0,1690.0,0.32,1.0,98168.0,550000.0,550000.0,728779.5514996279
3.0,2.5,2320.0,3500.0,0.0,98103.0,1175000.0,1175000.0,1279378.694390733
2.0,1.0,1760.0,5000.0,0.0,98116.0,700000.0,700000.0,739556.6687799369
1.0,1.0,685.0,NaN,NaN,98121.0,570000.0,570000.0,498980.8630406324
2.0,2.0,946.0,3250.0,0.0,98103.0,690000.0,690000.0,634460.6710127939
3.0,2.0,1610.0,3060.0,0.0,98146.0,540000.0,540000.0,659071.4373215243
3.0,1.0,1390.0,3774.0,0.0,98105.0,450000.0,450000.0,1162437.0952765986
2.0,1.0,1620.0,6600.0,0.0,98178.0,487639.0,487639.0,663398.9038693343
4.0,2.5,2010.0,6000.0,0.0,98136.0,982000.0,982000.0,963015.4338018775
2.0,1.5,890.0,2875.0,0.0,98146.0,510000.0,510000.0,552175.2626834312
2.0,2.0,964.0,3.97,1.0,98126.0,512500.0,512500.0,482084.1533368991
2.0,1.0,980.0,2226.0,0.0,98144.0,598000.0,598000.0,581059.9714316349
4.0,4.0,3310.0,4313.0,0.0,98116.0,1215000.0,1215000.0,1919035.166666667
2.0,1.0,840.0,4263.0,0.0,98146.0,485000.0,485000.0,522310.8958666014
2.0,2.0,1878.0,NaN,NaN,98115.0,515000.0,515000.0,787464.7876688533
3.0,2.0,1910.0,2000.0,0.0,98109.0,1090000.0,1090000.0,1159408.1124078485
2.0,1.0,900.0,4066.0,0.0,98133.0,474000.0,474000.0,537280.6426846287
3.0,2.0,2210.0,7200.0,0.0,98118.0,1425000.0,1425000.0,950694.2583777459
3.0,2.5,2168.0,NaN,NaN,98119.0,1700000.0,1700000.0,1284540.9553186514
3.0,2.0,2760.0,4800.0,0.0,98105.0,1235000.0,1235000.0,1264478.8393968255
2.0,2.5,2760.0,3.06,1.0,98105.0,1440000.0,1440000.0,1620101.9479017819
2.0,2.5,1291.0,793.0,0.0,98144.0,680000.0,680000.0,686581.2490559134
7.0,6.0,3780.0,5020.0,0.0,98119.0,1210000.0,1210000.0,1648418.846666667
4.0,3.0,2190.0,4000.0,0.0,98112.0,1685000.0,1685000.0,1344486.400516643
4.0,3.5,4027.0,0.3,1.0,98199.0,2170000.0,2170000.0,2751252.0609523808
4.0,2.5,3410.0,9602.0,0.0,98125.0,1700000.0,1700000.0,1710652.0833333335
5.0,2.0,2470.0,3880.0,0.0,98107.0,905000.0,905000.0,1101241.8809523808
3.0,2.0,1850.0,3880.0,0.0,98117.0,890000.0,890000.0,983019.3799112262
4.0,3.0,2430.0,5160.0,0.0,98106.0,995000.0,995000.0,1376113.484920635
2.0,2.0,1395.0,797.0,0.0,98199.0,751849.0,751849.0,754004.7745061378
2.0,1.5,1290.0,5100.0,0.0,98117.0,869000.0,869000.0,822267.5368859203
4.0,1.0,1485.0,6050.0,0.0,98178.0,500000.0,500000.0,606303.858627086
1.0,1.0,718.0,0.65,1.0,98115.0,525000.0,525000.0,433977.08822578593
3.0,2.5,2220.0,8353.0,0.0,98177.0,1350000.0,1350000.0,997501.0595153442
2.0,2.0,899.0,NaN,NaN,98103.0,587000.0,587000.0,577138.5390062906
2.0,1.0,785.0,NaN,NaN,98102.0,470000.0,470000.0,587593.2633040147
3.0,3.0,2225.0,NaN,NaN,98101.0,2850000.0,2850000.0,1799356.8968157335
3.0,2.0,1648.0,6250.0,0.0,98126.0,765000.0,765000.0,811361.0839660945
5.0,3.0,1840.0,5415.0,0.0,98115.0,650000.0,650000.0,1068895.9389914877
3.0,2.5,1785.0,1500.0,0.0,98144.0,850000.0,850000.0,886291.0243395482
3.0,1.5,1520.0,9405.0,0.0,98136.0,1200000.0,1200000.0,749080.6625727372
3.0,1.5,1460.0,0.25,1.0,98168.0,410000.0,410000.0,571999.8549005259
2.0,2.0,1656.0,NaN,NaN,98115.0,642000.0,642000.0,837179.2320234227
3.0,1.5,1690.0,4226.0,0.0,98105.0,625000.0,625000.0,933393.0735560523
4.0,2.5,3200.0,0.28,1.0,98118.0,1100000.0,1100000.0,1369642.4426732427
2.0,2.0,1030.0,4507.0,0.0,98112.0,825000.0,825000.0,637220.30486303
3.0,2.5,1220.0,1095.0,0.0,98109.0,900000.0,900000.0,834687.846332576
3.0,2.0,1330.0,2875.0,0.0,98126.0,705000.0,705000.0,738869.8578582917
2.0,1.0,877.0,4.06,1.0,98146.0,350000.0,350000.0,402003.38603660784
2.0,2.0,1254.0,NaN,NaN,98121.0,1069000.0,1069000.0,1144664.5793149404
4.0,3.0,3160.0,4830.0,0.0,98116.0,1425000.0,1425000.0,1434503.4074638844
3.0,2.0,1305.0,4400.0,0.0,98118.0,714000.0,714000.0,731659.8957195176
3.0,2.0,2798.0,3667.0,0.0,98109.0,1185000.0,1185000.0,1259764.801175698
4.0,2.0,2100.0,4799.0,0.0,98199.0,1000000.0,1000000.0,998838.9333333331
3.0,2.5,1620.0,5000.0,0.0,98117.0,885000.0,885000.0,979997.2415918353
1.0,1.0,801.0,0.54,1.0,98102.0,499995.0,499995.0,543600.991693897
5.0,2.0,2180.0,4000.0,0.0,98144.0,927500.0,927500.0,884979.1593253969
2.0,2.0,1025.0,NaN,NaN,98126.0,470000.0,470000.0,534414.5617257938
3.0,2.5,1830.0,1929.0,0.0,98116.0,1150000.0,1150000.0,1097278.709948773
3.0,2.5,1800.0,2380.0,0.0,98126.0,715000.0,715000.0,934307.7401967166
3.0,2.0,2470.0,4192.0,0.0,98105.0,705000.0,705000.0,1283472.2147142857
2.0,1.0,2090.0,3290.0,0.0,98103.0,820000.0,820000.0,1645410.8238125863
1.0,1.0,661.0,8255.0,0.0,98102.0,415000.0,415000.0,364391.3370646457
5.0,5.0,2440.0,0.36,1.0,98115.0,1505000.0,1505000.0,1307924.3154121304
3.0,1.5,1770.0,0.52,1.0,98168.0,539000.0,539000.0,627271.5881095671
3.0,2.5,1540.0,1189.0,0.0,98107.0,756000.0,756000.0,853826.2284033172
5.0,4.0,3510.0,5400.0,0.0,98199.0,1735000.0,1735000.0,1838855.238095238
5.0,3.0,2480.0,5300.0,0.0,98126.0,845000.0,845000.0,1107203.8468253966
4.0,2.5,1690.0,6000.0,0.0,98108.0,399950.0,399950.0,856484.2762105725
9.0,6.0,6139.0,5750.0,0.0,98116.0,2800000.0,2800000.0,2538343.608571429
5.0,4.0,4770.0,9000.0,0.0,98115.0,1140000.0,1140000.0,3449830.7104119593
2.0,2.0,1353.0,NaN,NaN,98115.0,749000.0,749000.0,780489.0632033413
3.0,1.5,1190.0,4800.0,0.0,98108.0,197009.0,197009.0,743253.9450872164
5.0,3.5,4280.0,4000.0,0.0,98102.0,2300000.0,2300000.0,3033824.166666666
1.0,1.0,810.0,7500.0,0.0,98108.0,385000.0,385000.0,524525.0698692456
3.0,2.0,1540.0,3755.0,0.0,98108.0,632500.0,632500.0,827410.4797507257
3.0,2.5,1660.0,8450.0,0.0,98146.0,695000.0,695000.0,723858.8886390538
3.0,2.0,1640.0,4320.0,0.0,98136.0,907500.0,907500.0,782864.1908039877
2.0,1.0,1600.0,3750.0,0.0,98117.0,852500.0,852500.0,820374.2029567905
4.0,2.0,1300.0,6240.0,0.0,98146.0,589950.0,589950.0,689688.4158202624
2.0,2.0,1192.0,583.0,0.0,98117.0,674800.0,674800.0,557823.3346562597
2.0,1.0,720.0,4000.0,0.0,98106.0,540000.0,540000.0,568535.1041029323
2.0,2.0,1171.0,NaN,NaN,98103.0,685000.0,685000.0,724233.3342941572
3.0,2.5,1390.0,1242.0,0.0,98125.0,569995.0,569995.0,645426.656217254
4.0,1.5,2260.0,0.27,1.0,98125.0,678000.0,678000.0,864011.0777375024
2.0,1.0,585.0,0.31,1.0,98107.0,430000.0,430000.0,474214.13097025076
4.0,2.5,1333.0,1.22,1.0,98118.0,476000.0,476000.0,658509.7744325232
4.0,1.0,1530.0,7810.0,0.0,98126.0,565000.0,565000.0,728096.1266906782
2.0,1.0,1720.0,3175.0,0.0,98144.0,619000.0,619000.0,679878.0029883255
1.0,1.0,591.0,NaN,NaN,98121.0,405000.0,405000.0,398552.61674808874
2.0,1.0,839.0,0.25,1.0,98199.0,449000.0,449000.0,443656.7410980409
2.0,2.0,886.0,1037.0,0.0,98116.0,640000.0,640000.0,642307.5915949958
1.0,1.0,872.0,NaN,NaN,98107.0,550000.0,550000.0,508289.752943331
4.0,3.5,2780.0,3060.0,0.0,98146.0,900000.0,900000.0,1412126.4756961912
3.0,3.5,1770.0,1669.0,0.0,98107.0,1025000.0,1025000.0,1067256.2281080557
4.0,2.5,3096.0,9375.0,0.0,98177.0,1870000.0,1870000.0,1107954.5833333333
2.0,1.0,1750.0,3200.0,0.0,98103.0,840000.0,840000.0,1630720.185131608
5.0,3.0,3110.0,0.24,1.0,98177.0,2800000.0,2800000.0,985975.4961814447
1.0,1.0,608.0,0.57,1.0,98103.0,360000.0,360000.0,392538.0983129545
2.0,2.0,866.0,NaN,NaN,98122.0,543000.0,543000.0,614622.6667788738
3.0,2.0,1710.0,6179.0,0.0,98117.0,1015000.0,1015000.0,922866.5348673937
3.0,2.0,1250.0,1306.0,0.0,98107.0,750000.0,750000.0,791727.2604186983
4.0,2.0,3195.0,5434.0,0.0,98199.0,1490000.0,1490000.0,1605427.8492063489
7.0,3.5,3550.0,7680.0,0.0,98199.0,1850000.0,1850000.0,1693025.4047619049
3.0,1.5,2800.0,3876.0,0.0,98103.0,1000000.0,1000000.0,1167102.0647795938
7.0,7.0,3580.0,5500.0,0.0,98105.0,1850000.0,1850000.0,1804154.5
3.0,3.5,1650.0,1701.0,0.0,98107.0,1050000.0,1050000.0,910239.5246563185
1.0,1.0,610.0,NaN,NaN,98119.0,340000.0,340000.0,391815.7380758634
4.0,2.0,2950.0,3417.0,0.0,98199.0,1200000.0,1200000.0,1306926.5
4.0,3.0,2480.0,5000.0,0.0,98105.0,1950000.0,1950000.0,1607694.8888095235
3.0,2.0,1600.0,6845.0,0.0,98125.0,500000.0,500000.0,861139.1430157444
1.0,1.0,662.0,NaN,NaN,98101.0,685000.0,685000.0,543011.015249402
4.0,2.5,2660.0,5300.0,0.0,98122.0,1745000.0,1745000.0,1319959.5500748716
4.0,3.0,2960.0,8645.0,0.0,98178.0,875000.0,875000.0,1067400.81810275
3.0,2.5,2060.0,1142.0,0.0,98103.0,1170000.0,1170000.0,1036246.6705883149
3.0,3.0,1860.0,3060.0,0.0,98119.0,1260000.0,1260000.0,1104805.5397237425
3.0,1.5,1833.0,2114.0,0.0,98122.0,985000.0,985000.0,950844.8118009461
3.0,2.0,1404.0,9974.0,0.0,98146.0,449000.0,449000.0,640694.2973710692
3.0,3.0,1540.0,993.0,0.0,98122.0,900000.0,900000.0,859015.7566759208
1.0,1.0,772.0,NaN,NaN,98121.0,439000.0,439000.0,613672.4276168919
4.0,1.0,2169.0,0.23,1.0,98118.0,867000.0,867000.0,885531.7281036698
3.0,2.0,1840.0,5100.0,0.0,98136.0,851000.0,851000.0,857020.1955043436
3.0,4.0,2080.0,8777.0,0.0,98133.0,2250000.0,2250000.0,978905.6002989556
4.0,3.5,3738.0,4000.0,0.0,98102.0,3480000.0,3480000.0,2526612.9609279614
1.0,1.0,610.0,6150.0,0.0,98126.0,425000.0,425000.0,339000.68444993923
5.0,2.5,2786.0,6760.0,0.0,98125.0,900000.0,900000.0,1159192.6666666665
3.0,1.0,1950.0,7686.0,0.0,98177.0,562500.0,562500.0,647499.4635239146
3.0,1.0,1580.0,3880.0,0.0,98103.0,704950.0,704950.0,902548.7627133537
2.0,1.5,900.0,NaN,NaN,98133.0,455000.0,455000.0,535931.3875055767
3.0,2.5,1757.0,1873.0,0.0,98103.0,1155000.0,1155000.0,1047679.496719385
2.0,2.5,2349.0,3200.0,0.0,98122.0,1775000.0,1775000.0,1203363.843297926
1.0,1.0,506.0,NaN,NaN,98121.0,396000.0,396000.0,346926.31375615747
2.0,2.5,3030.0,5381.0,0.0,98199.0,2600000.0,2600000.0,1485989.2125603866
4.0,3.5,3760.0,4720.0,0.0,98116.0,2200000.0,2200000.0,2314801.111111111
2.0,2.0,840.0,1400.0,0.0,98116.0,645000.0,645000.0,628679.2030493643
1.0,1.0,588.0,0.37,1.0,98103.0,335000.0,335000.0,379109.2876192662
4.0,2.5,3480.0,5043.0,0.0,98103.0,2150000.0,2150000.0,1782317.5
2.0,1.5,1065.0,1138.0,0.0,98117.0,850000.0,850000.0,638461.8552976191
2.0,1.5,917.0,5000.0,0.0,98103.0,625000.0,625000.0,642891.7217426723
1.0,1.0,603.0,NaN,NaN,98121.0,450000.0,450000.0,409442.4897192786
1.0,1.0,704.0,NaN,NaN,98133.0,278000.0,278000.0,394748.8710232158
2.0,2.5,2140.0,983.0,0.0,98109.0,835000.0,835000.0,1204907.1720293257
2.0,1.5,1059.0,4001.0,0.0,98106.0,499000.0,499000.0,637849.4208681517
3.0,2.0,1500.0,4500.0,0.0,98107.0,905000.0,905000.0,879903.3054885417
2.0,2.0,1271.0,NaN,NaN,98107.0,725000.0,725000.0,799915.8797915372
1.0,1.0,862.0,NaN,NaN,98104.0,430000.0,430000.0,571465.7726871602
2.0,1.0,1660.0,6380.0,0.0,98115.0,822000.0,822000.0,790930.7533482895
3.0,2.5,1360.0,1001.0,0.0,98144.0,719950.0,719950.0,695853.2764295336
2.0,2.0,1345.0,NaN,NaN,98119.0,700000.0,700000.0,972549.3095429249
4.0,3.5,3500.0,4080.0,0.0,98115.0,1720000.0,1720000.0,2156052.579688177
2.0,1.0,1070.0,7620.0,0.0,98106.0,520000.0,520000.0,591956.8593070059
4.0,5.5,2867.0,4550.0,0.0,98122.0,1650000.0,1650000.0,1643967.0700314837
4.0,2.5,2230.0,5878.0,0.0,98115.0,1475000.0,1475000.0,1169460.0744008329
2.0,1.5,900.0,NaN,NaN,98133.0,549755.0,549755.0,535931.3875055767
3.0,1.5,1892.0,1.08,1.0,98112.0,692500.0,692500.0,1110482.7377246092
2.0,2.0,921.0,NaN,NaN,98121.0,675000.0,675000.0,697502.6298297823
4.0,3.0,2580.0,7200.0,0.0,98118.0,1025000.0,1025000.0,1185655.9871428574
3.0,2.5,2720.0,4609.0,0.0,98103.0,1450000.0,1450000.0,1443401.9805776745
3.0,3.0,2290.0,3000.0,0.0,98103.0,1108000.0,1108000.0,1302729.877658491
3.0,2.5,2750.0,3750.0,0.0,98103.0,1300000.0,1300000.0,1466157.1598399747
3.0,1.0,1100.0,6000.0,0.0,98108.0,505000.0,505000.0,726764.723646891
5.0,5.0,2260.0,6175.0,0.0,98115.0,2100000.0,2100000.0,1078439.0733817427
4.0,3.5,2970.0,5323.0,0.0,98199.0,2334500.0,2334500.0,1793492.5523840953
4.0,2.0,1840.0,7335.0,0.0,98108.0,640000.0,640000.0,900701.268297601
4.0,3.0,3510.0,8268.0,0.0,98122.0,1550000.0,1550000.0,1836190.0
2.0,2.0,916.0,NaN,NaN,98109.0,545000.0,545000.0,581027.584138297
2.0,2.0,1162.0,NaN,NaN,98102.0,730000.0,730000.0,1037654.8879890987
3.0,2.0,2330.0,5000.0,0.0,98117.0,1160000.0,1160000.0,1038820.8568986994
1.0,1.0,848.0,NaN,NaN,98107.0,575000.0,575000.0,473451.50536916585
2.0,2.0,1320.0,5000.0,0.0,98117.0,841000.0,841000.0,802697.8479548282
2.0,1.0,770.0,8604.0,0.0,98118.0,250000.0,250000.0,595597.7611682994
4.0,3.5,3140.0,3751.0,0.0,98117.0,1825000.0,1825000.0,2090948.8345796643
3.0,2.0,1360.0,6656.0,0.0,98115.0,935000.0,935000.0,815386.33945772
2.0,1.0,960.0,8057.0,0.0,98199.0,515000.0,515000.0,570393.3482270822
4.0,1.0,1080.0,6755.0,0.0,98118.0,565000.0,565000.0,618251.9556703734
4.0,3.0,2360.0,9130.0,0.0,98136.0,1100000.0,1100000.0,1197232.5073700538
3.0,2.0,1550.0,795.0,0.0,98199.0,699000.0,699000.0,923727.1664676097
1.0,1.0,376.0,0.23,1.0,98199.0,1000000.0,1000000.0,992449.9330208433
1.0,1.0,722.0,NaN,NaN,98118.0,299000.0,299000.0,365526.13954907947
2.0,1.0,790.0,NaN,NaN,98103.0,615000.0,615000.0,581866.5396771346
3.0,2.5,1600.0,1056.0,0.0,98103.0,1150000.0,1150000.0,938919.456000251
2.0,2.0,1338.0,NaN,NaN,98119.0,700000.0,700000.0,938297.8612277609
3.0,1.0,1240.0,6240.0,0.0,98133.0,715000.0,715000.0,661108.1948243522
2.0,2.5,1400.0,824.0,0.0,98102.0,1062500.0,1062500.0,1103735.5128787684
1.0,1.0,602.0,NaN,NaN,98144.0,374000.0,374000.0,408258.4913832997
4.0,3.5,4120.0,6950.0,0.0,98178.0,1209000.0,1209000.0,2332032.7380952383
4.0,2.0,1780.0,3650.0,0.0,98117.0,965000.0,965000.0,1158893.5727002819
2.0,2.0,2270.0,6885.0,0.0,98125.0,900000.0,900000.0,859812.3611100118
3.0,1.5,1550.0,7628.0,0.0,98133.0,699950.0,699950.0,810357.5362489857
3.0,2.0,1281.0,625.0,0.0,98136.0,670000.0,670000.0,731482.5606027739
3.0,2.5,2760.0,6003.0,0.0,98115.0,1565000.0,1565000.0,1410153.8856712151
2.0,2.5,2030.0,7500.0,0.0,98136.0,1200000.0,1200000.0,902468.1697444691
4.0,2.5,2210.0,5750.0,0.0,98116.0,1225000.0,1225000.0,1177985.9884603166
4.0,3.5,2023.0,3096.0,0.0,98122.0,1325000.0,1325000.0,1202415.5741984667
1.0,1.0,589.0,NaN,NaN,98125.0,262000.0,262000.0,321178.57771160075
3.0,2.5,2710.0,6840.0,0.0,98178.0,880000.0,880000.0,1170818.3333333335
1.0,1.0,676.0,NaN,NaN,98117.0,355000.0,355000.0,396140.5670182199
2.0,1.0,1640.0,2200.0,0.0,98103.0,740000.0,740000.0,1605191.8295799908
4.0,2.5,2020.0,7280.0,0.0,98133.0,903000.0,903000.0,968342.2613636364
3.0,3.0,2080.0,4720.0,0.0,98126.0,819000.0,819000.0,880276.3201695329
3.0,3.0,2000.0,3210.0,0.0,98103.0,990000.0,990000.0,1015739.0142753305
2.0,1.0,740.0,6300.0,0.0,98126.0,390000.0,390000.0,518258.58495821245
2.0,1.0,987.0,NaN,NaN,98103.0,660000.0,660000.0,722980.0385687246
7.0,4.0,2540.0,3000.0,0.0,98103.0,730000.0,730000.0,1338433.511904762
3.0,2.5,1690.0,3264.0,0.0,98126.0,780000.0,780000.0,802719.1468284067
4.0,2.5,3190.0,4700.0,0.0,98144.0,869000.0,869000.0,1575494.4095238096
4.0,1.0,1610.0,7200.0,0.0,98144.0,885000.0,885000.0,742721.0208553497
3.0,2.5,2130.0,3100.0,0.0,98115.0,930000.0,930000.0,1230507.4839831537
3.0,2.5,1480.0,5183.0,0.0,98115.0,890000.0,890000.0,860023.6377019841
3.0,3.5,1430.0,1200.0,0.0,98112.0,1000000.0,1000000.0,753360.471618911
1.0,1.0,782.0,0.59,1.0,98121.0,515000.0,515000.0,622361.7162714016
5.0,2.0,2800.0,0.41,1.0,98118.0,1210000.0,1210000.0,980664.9105182635
4.0,2.5,3530.0,6000.0,0.0,98115.0,1100000.0,1100000.0,1876513.0
3.0,2.0,2160.0,4313.0,0.0,98125.0,720000.0,720000.0,910998.2429744069
3.0,2.0,2010.0,5618.0,0.0,98146.0,850000.0,850000.0,736080.1870494081
5.0,3.5,2527.0,3217.0,0.0,98178.0,1023000.0,1023000.0,1209431.0
1.0,1.0,605.0,3.54,1.0,98105.0,270000.0,270000.0,377270.21880874893
5.0,3.5,3080.0,3600.0,0.0,98119.0,2125000.0,2125000.0,1991418.235413979
3.0,2.5,2963.0,0.31,1.0,98177.0,1480000.0,1480000.0,1110909.3395901318
3.0,2.0,1939.0,4949.0,0.0,98119.0,1450000.0,1450000.0,1032762.5902319028
3.0,1.5,2280.0,5400.0,0.0,98119.0,1610000.0,1610000.0,1069099.0053456957
6.0,3.0,2870.0,3761.0,0.0,98105.0,1030000.0,1030000.0,1391594.4819047619
6.0,5.0,3910.0,9614.0,0.0,98108.0,1300000.0,1300000.0,2924720.1215504496
4.0,3.0,1999.0,800.0,0.0,98102.0,1350000.0,1350000.0,1482558.6840912346
2.0,1.5,1388.0,NaN,NaN,98122.0,599000.0,599000.0,901215.1361651915
7.0,4.0,2670.0,4183.0,0.0,98105.0,845000.0,845000.0,1266859.6785714284
2.0,2.0,1810.0,9120.0,0.0,98136.0,699000.0,699000.0,940470.4628924853
3.0,2.5,1681.0,3.97,1.0,98126.0,610000.0,610000.0,646814.9512079122
3.0,2.5,1512.0,1119.0,0.0,98144.0,755000.0,755000.0,759373.309110856
2.0,2.0,1090.0,0.92,1.0,98168.0,327000.0,327000.0,538117.6423021264
1.0,1.0,726.0,0.65,1.0,98121.0,448900.0,448900.0,501084.99257405696
3.0,2.0,1444.0,675.0,0.0,98144.0,750000.0,750000.0,767931.5218587357
4.0,2.5,2658.0,5038.0,0.0,98136.0,1375888.0,1375888.0,1239441.905952381
2.0,1.5,1200.0,1271.0,0.0,98107.0,730000.0,730000.0,723781.9763417498
5.0,2.5,2280.0,7574.0,0.0,98168.0,680000.0,680000.0,783668.484126984
4.0,2.5,2750.0,2250.0,0.0,98122.0,849995.0,849995.0,1223222.0945541386
3.0,1.5,1650.0,3150.0,0.0,98122.0,790000.0,790000.0,922379.9879467285
3.0,2.5,1546.0,1600.0,0.0,98106.0,720000.0,720000.0,724958.6417994553
1.0,1.0,757.0,NaN,NaN,98109.0,432500.0,432500.0,440290.8179309533
5.0,3.5,4385.0,4950.0,0.0,98103.0,3100000.0,3100000.0,2759619.166666666
4.0,2.0,2868.0,5250.0,0.0,98103.0,1550000.0,1550000.0,1420595.625
2.0,2.0,1280.0,5000.0,0.0,98136.0,875000.0,875000.0,710506.2981511434
3.0,2.0,1279.0,4400.0,0.0,98118.0,699000.0,699000.0,741089.6871029744
4.0,2.0,2278.0,5080.0,0.0,98117.0,1550000.0,1550000.0,1033919.8714285712
1.0,1.0,376.0,0.23,1.0,98199.0,1000000.0,1000000.0,992449.9330208433
3.0,2.0,1496.0,1.0,1.0,98144.0,843000.0,843000.0,863286.5218399256
4.0,1.0,2520.0,7475.0,0.0,98115.0,875000.0,875000.0,1066619.3213333332
2.0,2.0,795.0,NaN,NaN,98102.0,550000.0,550000.0,762631.1639516688
3.0,3.0,2502.0,6401.0,0.0,98117.0,995000.0,995000.0,1480834.925203305
5.0,5.0,2920.0,4000.0,0.0,98105.0,1625000.0,1625000.0,1450186.74
2.0,2.0,1130.0,622.0,0.0,98119.0,775000.0,775000.0,691454.3779237686
2.0,2.0,1310.0,586.0,0.0,98122.0,815000.0,815000.0,831805.0965843868
5.0,4.5,4060.0,8100.0,0.0,98117.0,2095000.0,2095000.0,2906927.826916147
4.0,3.5,4460.0,1.66,1.0,98177.0,2550000.0,2550000.0,2576490.4115810674
4.0,2.0,2350.0,6950.0,0.0,98118.0,715000.0,715000.0,1007455.5067643073
2.0,3.0,1230.0,NaN,NaN,98144.0,619990.0,619990.0,609204.4267042022
4.0,2.5,2420.0,6590.0,0.0,98117.0,1310000.0,1310000.0,1383096.717282642
2.0,2.0,1570.0,6000.0,0.0,98136.0,760000.0,760000.0,870868.4344773784
1.0,1.0,608.0,0.68,1.0,98121.0,423000.0,423000.0,402333.3590021592
3.0,1.0,1950.0,2584.0,0.0,98103.0,925000.0,925000.0,2055176.6445360086
4.0,5.5,4670.0,7635.0,0.0,98144.0,3175000.0,3175000.0,2446635.535238095
1.0,1.0,647.0,NaN,NaN,98122.0,485000.0,485000.0,395020.3669616492
3.0,2.0,1140.0,3028.0,0.0,98136.0,780000.0,780000.0,674983.8322822197
3.0,3.0,2240.0,6700.0,0.0,98117.0,650000.0,650000.0,1259757.7658836334
2.0,2.0,1061.0,NaN,NaN,98125.0,380000.0,380000.0,525139.5555759688
4.0,3.0,1991.0,806.0,0.0,98102.0,1050000.0,1050000.0,1483658.6840912346
3.0,2.5,1940.0,5962.0,0.0,98116.0,1172000.0,1172000.0,1137586.9107413038
2.0,1.5,2340.0,6705.0,0.0,98199.0,1025000.0,1025000.0,1094681.9814492753
4.0,5.0,1870.0,7980.0,0.0,98146.0,700000.0,700000.0,955041.5294884245
1.0,1.0,707.0,NaN,NaN,98133.0,335000.0,335000.0,379749.72841741645
2.0,2.5,1114.0,2450.0,0.0,98122.0,850000.0,850000.0,768381.5080874644
5.0,3.0,3540.0,0.25,1.0,98115.0,1185000.0,1185000.0,1494845.5083778927
4.0,2.0,2610.0,0.25,1.0,98117.0,875000.0,875000.0,1109794.8352455283
2.0,2.0,1250.0,8331.0,0.0,98115.0,850000.0,850000.0,744555.5312638922
3.0,2.0,1920.0,6250.0,0.0,98126.0,980000.0,980000.0,824239.8009138015
3.0,2.5,1540.0,1116.0,0.0,98103.0,875000.0,875000.0,890611.5845693952
3.0,2.0,1460.0,2500.0,0.0,98117.0,823000.0,823000.0,804835.2175318107
2.0,2.0,1223.0,780.0,0.0,98199.0,787950.0,787950.0,758501.2453379709
3.0,2.5,2450.0,5000.0,0.0,98126.0,1080000.0,1080000.0,1098526.1071428573
1.0,1.0,702.0,0.27,1.0,98116.0,426000.0,426000.0,392890.2039241146
5.0,3.0,2170.0,2752.0,0.0,98106.0,765000.0,765000.0,991741.5159090908
2.0,1.0,1040.0,4500.0,0.0,98103.0,875000.0,875000.0,757553.3955195313
4.0,2.0,1670.0,9800.0,0.0,98125.0,960000.0,960000.0,785802.1808297016
4.0,3.0,2140.0,5400.0,0.0,98126.0,805000.0,805000.0,927845.0894902657
3.0,2.5,1650.0,1485.0,0.0,98103.0,975000.0,975000.0,1011273.3025875856
2.0,1.5,735.0,7688.0,0.0,98103.0,353500.0,353500.0,1717417.5057975068
4.0,3.5,3210.0,8919.0,0.0,98136.0,1750000.0,1750000.0,1731104.9006942147
4.0,1.0,2920.0,4820.0,0.0,98107.0,899888.0,899888.0,1333547.8847619046
4.0,4.0,1240.0,3867.0,0.0,98125.0,750000.0,750000.0,749503.8661662203
4.0,2.5,2030.0,1744.0,0.0,98144.0,1025000.0,1025000.0,910877.1621510674
2.0,1.0,1480.0,4400.0,0.0,98118.0,675000.0,675000.0,735392.9929261405
2.0,2.0,933.0,NaN,NaN,98112.0,865000.0,865000.0,575566.1901361875
1.0,1.0,777.0,NaN,NaN,98146.0,244950.0,244950.0,321341.9348210024
5.0,3.0,2869.0,7930.0,0.0,98125.0,967000.0,967000.0,1220070.4297619048
3.0,2.0,1700.0,5750.0,0.0,98126.0,835000.0,835000.0,843281.9307322125
2.0,2.0,1024.0,NaN,NaN,98115.0,510000.0,510000.0,548029.6528597362
3.0,2.5,1550.0,1031.0,0.0,98102.0,840000.0,840000.0,1212337.5083223786
5.0,2.5,2460.0,7216.0,0.0,98125.0,755000.0,755000.0,1091975.6503357359
2.0,2.0,1170.0,638.0,0.0,98122.0,774950.0,774950.0,701980.3038800285
2.0,1.0,900.0,5250.0,0.0,98199.0,750000.0,750000.0,552105.7236065199
3.0,2.5,1210.0,1546.0,0.0,98108.0,565000.0,565000.0,800400.0400108439
4.0,3.0,3140.0,6604.0,0.0,98144.0,1750000.0,1750000.0,1515142.392857143
2.0,1.0,798.0,NaN,NaN,98109.0,370000.0,370000.0,509116.8737016442
2.0,2.5,1134.0,1.0,1.0,98118.0,520000.0,520000.0,624714.5338796555
2.0,2.5,1954.0,1.0,1.0,98119.0,1475000.0,1475000.0,1157985.3256634844
3.0,3.5,2946.0,1.0,1.0,98102.0,6250000.0,6250000.0,2313770.3248448484
1.0,1.5,1244.0,NaN,NaN,98164.0,970000.0,970000.0,659242.7245140596
3.0,3.0,1710.0,NaN,NaN,98133.0,659000.0,659000.0,848671.8579161657
3.0,2.5,1440.0,1330.0,0.0,98117.0,750000.0,750000.0,786015.2999303367
3.0,3.5,1790.0,1800.0,0.0,98144.0,1027000.0,1027000.0,892694.2542138533
3.0,2.0,2550.0,8253.0,0.0,98178.0,650000.0,650000.0,1013630.6466666667
2.0,2.0,1940.0,4000.0,0.0,98116.0,1505000.0,1505000.0,934953.7425961217
5.0,2.0,3080.0,6300.0,0.0,98126.0,772500.0,772500.0,1196797.1071428573
3.0,2.0,1561.0,964.0,0.0,98125.0,670000.0,670000.0,758935.7711881552
2.0,2.0,1316.0,NaN,NaN,98101.0,899000.0,899000.0,1107970.19746861
4.0,2.5,2610.0,3520.0,0.0,98112.0,1715000.0,1715000.0,1487563.5270236402
3.0,1.0,960.0,9000.0,0.0,98117.0,850000.0,850000.0,639477.7356048771
3.0,3.0,2280.0,7362.0,0.0,98117.0,1150000.0,1150000.0,1234924.5243640481
2.0,2.0,1930.0,4000.0,0.0,98144.0,900000.0,900000.0,753929.3677086494
2.0,2.0,1125.0,1.36,1.0,98115.0,424950.0,424950.0,663483.902345807
3.0,2.0,1699.0,NaN,NaN,98121.0,1299000.0,1299000.0,958589.0716383518
1.0,1.0,730.0,NaN,NaN,98115.0,330000.0,330000.0,1854506.7153036126
7.0,5.0,4190.0,4666.0,0.0,98115.0,1513000.0,1513000.0,2522027.7276190477
2.0,2.0,1170.0,991.0,0.0,98103.0,600000.0,600000.0,727101.706579376
3.0,1.0,1935.0,3500.0,0.0,98103.0,895000.0,895000.0,921973.1729045516
3.0,2.5,1550.0,1132.0,0.0,98122.0,1090000.0,1090000.0,999926.449395095
3.0,2.5,1290.0,1474.0,0.0,98108.0,585000.0,585000.0,820102.379624869
2.0,2.0,1202.0,NaN,NaN,98109.0,790000.0,790000.0,738407.6370122799
3.0,2.5,2420.0,4500.0,0.0,98103.0,1048000.0,1048000.0,1433582.8538152105
4.0,4.5,2190.0,4265.0,0.0,98122.0,1499950.0,1499950.0,1329354.8170187045
3.0,2.0,1850.0,4050.0,0.0,98178.0,627000.0,627000.0,850357.2517028266
2.0,1.0,970.0,NaN,NaN,98125.0,397500.0,397500.0,576512.7162440051
2.0,1.5,918.0,NaN,NaN,98104.0,550000.0,550000.0,613558.1186534408
2.0,2.0,1080.0,831.0,0.0,98106.0,499950.0,499950.0,587269.3176701675
1.0,1.0,831.0,NaN,NaN,98115.0,415000.0,415000.0,533626.3614209853
4.0,2.0,2140.0,6180.0,0.0,98118.0,825000.0,825000.0,904211.1127376923
3.0,2.0,1481.0,1316.0,0.0,98103.0,1040000.0,1040000.0,951872.6227246561
4.0,4.0,2630.0,3600.0,0.0,98112.0,2600000.0,2600000.0,1439212.6018729506
4.0,2.0,1920.0,5500.0,0.0,98118.0,670000.0,670000.0,860265.8965107002
3.0,2.5,1870.0,5110.0,0.0,98125.0,700000.0,700000.0,995120.0432154435
5.0,2.0,2260.0,0.34,1.0,98168.0,530000.0,530000.0,701197.7203729888
3.0,1.0,1210.0,0.25,1.0,98106.0,615000.0,615000.0,641432.9242719249
3.0,1.0,3000.0,4485.0,0.0,98108.0,706000.0,706000.0,1313947.698095238
3.0,3.0,1560.0,5760.0,0.0,98106.0,699950.0,699950.0,895829.5931819166
1.0,1.0,684.0,NaN,NaN,98121.0,693000.0,693000.0,498867.60749774025
1.0,1.0,565.0,NaN,NaN,98115.0,297500.0,297500.0,376662.3758798182
2.0,2.0,2880.0,5700.0,0.0,98103.0,1095000.0,1095000.0,1340234.977059056
3.0,1.0,1240.0,5931.0,0.0,98125.0,675000.0,675000.0,673165.770484669
3.0,2.5,1468.0,1054.0,0.0,98103.0,809950.0,809950.0,930531.3191717337
4.0,3.5,2500.0,5000.0,0.0,98103.0,1104000.0,1104000.0,1545384.2964929217
3.0,3.0,2360.0,8480.0,0.0,98115.0,1210000.0,1210000.0,1416026.0242216534
6.0,4.5,3480.0,5000.0,0.0,98117.0,2550000.0,2550000.0,1762384.583333333
4.0,3.5,2199.0,NaN,NaN,98117.0,1560000.0,1560000.0,1268099.531978393
3.0,2.0,1730.0,7500.0,0.0,98168.0,386000.0,386000.0,705413.9580461592
3.0,1.5,2516.0,5960.0,0.0,98119.0,1020000.0,1020000.0,912189.1704761904
4.0,4.0,4935.0,9600.0,0.0,98125.0,1495000.0,1495000.0,3001918.758124837
2.0,2.0,1168.0,1189.0,0.0,98144.0,639999.0,639999.0,637376.2883653746
3.0,2.5,1604.0,1120.0,0.0,98144.0,769999.0,769999.0,749175.9818537642
3.0,2.5,1786.0,960.0,0.0,98103.0,970000.0,970000.0,1304323.2796090683
2.0,2.0,1174.0,800.0,0.0,98109.0,785000.0,785000.0,741298.8859287949
2.0,1.0,1180.0,NaN,NaN,98122.0,934050.0,934050.0,757432.5059105515
2.0,2.0,770.0,6300.0,0.0,98103.0,170000.0,170000.0,540424.8028012362
4.0,2.5,2410.0,6000.0,0.0,98105.0,2000000.0,2000000.0,1490962.415027083
3.0,1.5,1920.0,4000.0,0.0,98199.0,975000.0,975000.0,910306.9920634922
4.0,2.5,2610.0,6109.0,0.0,98117.0,1160000.0,1160000.0,1346678.5601201528
4.0,2.5,2680.0,6240.0,0.0,98199.0,1800000.0,1800000.0,1331358.7777777775
2.0,2.0,1710.0,7920.0,0.0,98125.0,710000.0,710000.0,903158.553360963
4.0,3.0,2240.0,7700.0,0.0,98178.0,840000.0,840000.0,868083.388888889
4.0,3.5,3500.0,5350.0,0.0,98199.0,2000000.0,2000000.0,2012833.3461211221
3.0,2.0,1703.0,1247.0,0.0,98117.0,943000.0,943000.0,954162.3270446942
3.0,2.0,2600.0,8160.0,0.0,98177.0,1195000.0,1195000.0,1116633.65
3.0,2.0,1200.0,3500.0,0.0,98107.0,685000.0,685000.0,762049.0128413065
1.0,1.0,696.0,0.75,1.0,98122.0,449000.0,449000.0,471002.8403629075
3.0,1.0,840.0,6750.0,0.0,98125.0,610000.0,610000.0,636546.3071772753
4.0,2.0,2570.0,3840.0,0.0,98119.0,1550000.0,1550000.0,1009264.4642857143
4.0,3.0,2480.0,4500.0,0.0,98117.0,1270000.0,1270000.0,1318251.7538095238
4.0,3.5,2054.0,2050.0,0.0,98103.0,1165000.0,1165000.0,1285564.7867908634
4.0,2.5,1830.0,5162.0,0.0,98125.0,1050000.0,1050000.0,1024989.5118537416
5.0,3.5,2750.0,4200.0,0.0,98112.0,2450000.0,2450000.0,1165747.7015873014
3.0,1.0,1200.0,8869.0,0.0,98125.0,2100000.0,2100000.0,694155.3884821011
4.0,3.0,2280.0,5000.0,0.0,98117.0,1275000.0,1275000.0,1201966.3686742913
2.0,3.0,1660.0,3094.0,0.0,98112.0,1300000.0,1300000.0,1053859.7811989328
4.0,2.5,3470.0,4000.0,0.0,98102.0,1100000.0,1100000.0,1925396.8581224978
2.0,2.0,867.0,1808.0,0.0,98115.0,689000.0,689000.0,571469.6656458278
1.0,1.5,801.0,NaN,NaN,98109.0,500000.0,500000.0,647072.5236891801
1.0,1.0,501.0,NaN,NaN,98122.0,386000.0,386000.0,343322.20766817103
4.0,3.5,2840.0,2957.0,0.0,98178.0,720000.0,720000.0,1450590.3712573382
3.0,3.0,2010.0,7104.0,0.0,98115.0,925000.0,925000.0,1167904.4070021696
2.0,2.0,1252.0,NaN,NaN,98121.0,1525000.0,1525000.0,1145618.5050754102
1.0,1.0,721.0,NaN,NaN,98101.0,389000.0,389000.0,550461.1737855378
3.0,2.0,1460.0,0.3,1.0,98115.0,731250.0,731250.0,864227.2834197888
3.0,2.5,1107.0,4120.0,0.0,98103.0,877500.0,877500.0,804684.7979200806
4.0,1.0,1400.0,7100.0,0.0,98117.0,1025000.0,1025000.0,810638.0211343789
2.0,1.0,1437.0,3096.0,0.0,98125.0,700000.0,700000.0,680333.3688024326
3.0,3.0,3004.0,5123.0,0.0,98112.0,1450000.0,1450000.0,1660552.8333333335
1.0,1.0,700.0,NaN,NaN,98102.0,410000.0,410000.0,453803.11304991925
2.0,2.0,1122.0,NaN,NaN,98119.0,565000.0,565000.0,704493.2980919603
4.0,1.5,2344.0,4000.0,0.0,98109.0,1222000.0,1222000.0,1187937.181719123
4.0,3.0,2960.0,6000.0,0.0,98108.0,970000.0,970000.0,1458378.884920635
2.0,2.0,1063.0,NaN,NaN,98109.0,755000.0,755000.0,698948.3306947234
1.0,1.0,674.0,1.14,1.0,98122.0,465000.0,465000.0,433959.72047871066
4.0,3.5,2510.0,1.0,1.0,98103.0,1625000.0,1625000.0,1612937.6276912675
2.0,1.0,680.0,0.31,1.0,98106.0,510000.0,510000.0,505641.0034729473
2.0,2.0,1450.0,2550.0,0.0,98117.0,1050000.0,1050000.0,754759.8090258529
1.0,3.0,934.0,0.32,1.0,98119.0,525000.0,525000.0,627420.2483703576
5.0,3.0,2400.0,5029.0,0.0,98118.0,745000.0,745000.0,1052918.1116666666
3.0,2.5,2740.0,4000.0,0.0,98108.0,489000.0,489000.0,1486787.185112206
5.0,2.0,2000.0,4625.0,0.0,98105.0,1075000.0,1075000.0,976964.7942324426
2.0,2.0,1799.0,4950.0,0.0,98117.0,755000.0,755000.0,2529914.459941985
3.0,2.0,1740.0,6250.0,0.0,98199.0,1425000.0,1425000.0,1109428.7211752434
3.0,1.5,2370.0,4080.0,0.0,98115.0,927000.0,927000.0,1141095.908
4.0,3.5,3780.0,4360.0,0.0,98115.0,1875000.0,1875000.0,2478750.753968254
2.0,1.5,755.0,NaN,NaN,98101.0,500000.0,500000.0,805042.494146934
1.0,1.0,764.0,NaN,NaN,98105.0,510000.0,510000.0,886987.5527488658
3.0,3.0,2910.0,9612.0,0.0,98125.0,1249900.0,1249900.0,1176480.0569786986
3.0,3.0,1419.0,951.0,0.0,98122.0,861955.0,861955.0,852547.9310284271
4.0,2.0,2800.0,0.82,1.0,98178.0,675000.0,675000.0,834995.2222222222
3.0,1.5,1510.0,8138.0,0.0,98133.0,725000.0,725000.0,772200.2386176593
3.0,2.5,1520.0,1246.0,0.0,98107.0,975000.0,975000.0,835894.6762099543
3.0,2.5,1570.0,980.0,0.0,98102.0,955000.0,955000.0,1272854.8444717787
2.0,2.0,1028.0,1650.0,0.0,98103.0,700000.0,700000.0,678443.7566702531
3.0,2.0,1660.0,5120.0,0.0,98106.0,805000.0,805000.0,718876.156930239
5.0,3.5,3153.0,4837.0,0.0,98177.0,2266000.0,2266000.0,1894696.858701871
2.0,1.0,875.0,3710.0,0.0,98117.0,750000.0,750000.0,575593.2227757977
3.0,2.5,1800.0,2516.0,0.0,98108.0,655000.0,655000.0,1467340.9471317888
3.0,2.5,1510.0,3576.0,0.0,98136.0,880000.0,880000.0,838954.1691799462
2.0,2.0,1220.0,8060.0,0.0,98178.0,585000.0,585000.0,574631.8964571889
3.0,2.5,1630.0,4850.0,0.0,98107.0,1060000.0,1060000.0,912195.4339785614
3.0,3.5,1319.0,1149.0,0.0,98119.0,875000.0,875000.0,716684.4893928618
3.0,2.5,2695.0,6324.0,0.0,98115.0,1345000.0,1345000.0,1482749.4823098946
3.0,4.0,3410.0,0.26,1.0,98125.0,1702619.0,1702619.0,2111721.318381581
2.0,2.5,2094.0,4800.0,0.0,98102.0,1500000.0,1500000.0,1679195.5831846267
4.0,3.5,2380.0,4000.0,0.0,98106.0,830000.0,830000.0,1460038.8423157507
3.0,3.5,2938.0,9224.0,0.0,98136.0,1350000.0,1350000.0,1548804.2527414102
2.0,1.5,1293.0,1070.0,0.0,98115.0,779950.0,779950.0,779173.1389711219
3.0,2.0,2730.0,7200.0,0.0,98117.0,1150000.0,1150000.0,1208604.2047619047
2.0,1.0,1120.0,1.0,1.0,98102.0,1350000.0,1350000.0,694753.7787780043
3.0,1.0,1280.0,5000.0,0.0,98199.0,875000.0,875000.0,886973.3933816085
3.0,2.5,2350.0,6180.0,0.0,98115.0,1625000.0,1625000.0,1390007.3497014905
1.0,1.0,692.0,NaN,NaN,98122.0,499950.0,499950.0,480134.7795642498
3.0,1.5,1350.0,5750.0,0.0,98126.0,665000.0,665000.0,737575.6855394488
4.0,4.0,2895.0,2000.0,0.0,98119.0,2206500.0,2206500.0,1664586.3822856469
4.0,3.5,4420.0,4188.0,0.0,98199.0,2350000.0,2350000.0,2434895.5133333337
4.0,2.0,1740.0,3605.0,0.0,98103.0,950000.0,950000.0,1078076.6838614675
1.0,1.0,547.0,NaN,NaN,98125.0,264000.0,264000.0,313637.73768969666
3.0,2.0,1200.0,5700.0,0.0,98178.0,624950.0,624950.0,622042.5789502347
3.0,2.0,1410.0,4387.0,0.0,98115.0,1035000.0,1035000.0,820486.1059995177
3.0,1.0,1290.0,4600.0,0.0,98178.0,412000.0,412000.0,683328.6747836149
5.0,4.5,2920.0,5026.0,0.0,98106.0,1000000.0,1000000.0,1263488.8015873015
5.0,3.0,2310.0,0.23,1.0,98118.0,680000.0,680000.0,921781.2615674246
3.0,2.5,1810.0,9409.0,0.0,98125.0,899000.0,899000.0,982272.0006650155
4.0,1.5,1410.0,8453.0,0.0,98133.0,827500.0,827500.0,672525.7795298711
3.0,2.0,1800.0,7280.0,0.0,98178.0,575000.0,575000.0,833770.218257158
4.0,3.0,2860.0,5000.0,0.0,98117.0,1165000.0,1165000.0,1399206.8746103747
2.0,2.0,2680.0,6097.0,0.0,98126.0,749950.0,749950.0,891390.6000000001
4.0,2.0,1860.0,5700.0,0.0,98103.0,1350000.0,1350000.0,1038814.8696423328
3.0,2.0,1340.0,6231.0,0.0,98117.0,985000.0,985000.0,813709.6115022727
3.0,1.0,1110.0,6350.0,0.0,98117.0,505000.0,505000.0,755373.8442207443
4.0,3.0,2527.0,4800.0,0.0,98122.0,1375000.0,1375000.0,1392053.3554761903
2.0,2.5,1057.0,8764.0,0.0,98102.0,650000.0,650000.0,846936.4298932755
3.0,2.5,1054.0,2246.0,0.0,98115.0,815000.0,815000.0,768262.6793158576
4.0,6.5,3400.0,6000.0,0.0,98122.0,1550000.0,1550000.0,1842857.0566549038
4.0,3.0,2290.0,0.42,1.0,98146.0,685000.0,685000.0,844991.0731907893
4.0,2.0,2260.0,4200.0,0.0,98106.0,760000.0,760000.0,1076740.3492063493
3.0,3.0,2480.0,0.27,1.0,98146.0,1595000.0,1595000.0,1187343.7450882779
3.0,1.0,1240.0,7186.0,0.0,98146.0,220000.0,220000.0,623022.8994883971
2.0,2.0,1036.0,656.0,0.0,98103.0,799950.0,799950.0,720414.830926063
2.0,1.0,1900.0,3600.0,0.0,98119.0,1015000.0,1015000.0,1182160.247302736
4.0,2.5,1544.0,1561.0,0.0,98117.0,975000.0,975000.0,881872.9192537096
2.0,1.0,1160.0,6860.0,0.0,98126.0,525000.0,525000.0,713785.1763770236
3.0,3.0,1650.0,7883.0,0.0,98178.0,591995.0,591995.0,708546.4292350688
1.0,1.0,529.0,529.0,0.0,98103.0,367000.0,367000.0,349067.92086607893
4.0,3.0,2310.0,5120.0,0.0,98136.0,1100000.0,1100000.0,1021852.2852714013
4.0,2.5,2880.0,6210.0,0.0,98115.0,1900000.0,1900000.0,1507489.2720249149
1.0,1.5,540.0,6364.0,0.0,98118.0,750000.0,750000.0,546550.7128465187
1.0,1.0,645.0,NaN,NaN,98115.0,515000.0,515000.0,407127.3613816443
3.0,2.5,2275.0,3606.0,0.0,98122.0,1528000.0,1528000.0,1248250.1831948974
2.0,2.5,1250.0,1000.0,0.0,98107.0,770000.0,770000.0,759154.3216491314
5.0,3.5,5420.0,0.36,1.0,98112.0,4655625.0,4655625.0,3471172.002824555
2.0,1.5,1088.0,1807.0,0.0,98117.0,628000.0,628000.0,658194.7810835511
5.0,4.5,5580.0,0.3,1.0,98146.0,3800000.0,3800000.0,2977594.233333334
3.0,2.5,1390.0,1570.0,0.0,98126.0,575000.0,575000.0,608519.4380081386
3.0,2.5,2950.0,0.47,1.0,98118.0,3105000.0,3105000.0,1257285.4466456394
5.0,5.0,3010.0,4887.0,0.0,98115.0,1807000.0,1807000.0,1456568.1071428573
3.0,2.0,1301.0,3000.0,0.0,98103.0,895000.0,895000.0,902048.5068114989
